{
  "109.0": -20.81618661779466,
  "109.2": -21.039487510257587,
  "109.4": -22.372567299811923,
  "109.6": -20.951082723998965,
  "109.8": -21.16867513229773,
  "110.0": -21.084924537181337,
  "110.2": -21.129643397085612,
  "110.4": -21.162883890094278,
  "110.6": -21.176852633521545,
  "110.8": -20.90842791479202,
  "111.0": -21.05863596819511,
  "111.2": -21.10184876395476,
  "111.4": -21.004767356435888,
  "111.6": -21.005221801411388,
  "111.8": -21.032690421508317,
  "112.0": -21.035133250888187,
  "112.2": -21.129970968533275,
  "112.4": -21.12783783527965,
  "112.6": -21.15787596654089,
  "112.8": -20.950870869266133,
  "113.0": -21.12728503043726,
  "113.2": -21.15754468716487,
  "113.4": -21.188518025154103,
  "113.6": -20.82622298652012,
  "113.8": -21.189242173210832,
  "114.0": -21.05945635812364,
  "114.2": -20.823329644756093,
  "114.4": -21.196749925137603,
  "114.6": -21.17833165301461,
  "114.8": -21.200424161208137,
  "115.0": -21.110933839604783,
  "115.2": -21.167155130213832,
  "115.4": -21.186087303739527,
  "115.6": -20.905007059163697,
  "115.8": -21.207258461199814,
  "116.0": -21.140200766374065,
  "116.2": -21.159069846257957,
  "116.4": -21.135575499543688,
  "116.6": -21.11246167426976,
  "116.8": -21.201108101855088,
  "117.0": -20.89164708518439,
  "117.2": -21.063177629717025,
  "117.4": -21.185758150471813,
  "117.6": -21.169125714161584,
  "117.8": -21.168627382430078,
  "118.0": -21.221795924522134,
  "118.2": -21.198316581559414,
  "118.4": -20.96125222512041,
  "118.6": -21.18815947987877,
  "118.8": -21.190992204756213,
  "119.0": -21.176259082359635,
  "119.2": -21.13847717143422,
  "119.4": -21.184924264354315,
  "119.6": -21.229724881986314,
  "119.8": -21.118472914346395,
  "120.0": -21.21857711983464,
  "120.2": -20.942157503029705,
  "120.4": -21.04677196220954,
  "120.6": -21.145590584485277,
  "120.8": -21.10878714372605,
  "121.0": -21.22371824895739,
  "121.2": -21.095670554892155,
  "121.4": -21.16892936249871,
  "121.6": -21.09526398759685,
  "121.8": -21.208324659566333,
  "122.0": -21.176845684682068,
  "122.2": -21.1582474552382,
  "122.4": -21.20484413021957,
  "122.6": -21.15294849916549,
  "122.8": -21.176174105085707,
  "123.0": -21.07020648541207,
  "123.2": -21.101675656547762,
  "123.4": -21.147370627017136,
  "123.6": -21.191433040794454,
  "123.8": -21.22929474962207,
  "124.0": -21.242141591602103,
  "124.2": -21.224168093618232,
  "124.4": -21.041711875067296,
  "124.6": -21.15439227861268,
  "124.8": -21.23922298965573,
  "125.0": -21.05808227958596,
  "125.2": -20.959903779487597,
  "125.4": -20.898200240798577,
  "125.6": -20.94648716214795,
  "125.8": -20.951217707494152,
  "126.0": -20.824182906223857,
  "126.2": -21.061506189399868,
  "126.4": -21.15381853746699,
  "126.6": -21.002799842423464,
  "126.8": -21.10696498247806,
  "127.0": -20.972694612521444,
  "127.2": -20.900273139828677,
  "127.4": -21.12919821448411,
  "127.6": -21.045171642552965,
  "127.8": -21.21665167469805,
  "128.0": -21.17684087395356,
  "128.2": -21.072653293103613,
  "128.4": -21.06878468357946,
  "128.6": -20.990333632755508,
  "128.8": -21.059402510405487,
  "129.0": -21.146096098650208,
  "129.2": -21.103086196885016,
  "129.4": -21.18746900185969,
  "129.6": -21.24738486542824,
  "129.8": -21.213227533337427,
  "130.0": -21.200807907176834,
  "130.2": -21.288272915224006,
  "130.4": -21.293693290199354,
  "130.6": -21.294463200001147,
  "130.8": -21.32418217133487,
  "131.0": -21.247895033879175,
  "131.2": -21.225469258019615,
  "131.4": -21.165322713483384,
  "131.6": -21.24291869720993,
  "131.8": -21.248024894629687,
  "132.0": -21.488176210909952,
  "132.2": -21.34484628359939,
  "132.4": -21.75722845208288,
  "132.6": -21.26942145447257,
  "132.8": -22.482332901997903,
  "133.0": -23.48509452174625,
  "133.2": -22.999286593182976,
  "133.4": -23.764761408529683,
  "133.6": -23.67411736827656,
  "133.8": -23.28532544911075,
  "134.0": -23.465624866712915,
  "134.2": -23.314603882629555,
  "134.4": -23.339965245893936,
  "134.6": -23.442365195884936,
  "134.8": -23.27663388574443,
  "135.0": -23.524699638474114,
  "135.2": -23.685308758559355,
  "135.4": -22.674203653597807,
  "135.6": -22.639836516958223,
  "135.8": -22.63982903065716,
  "136.0": -22.60550635077977,
  "136.2": -23.590840858234095,
  "136.4": -23.424698997134982,
  "136.6": -23.874434661852632,
  "136.8": -23.62419682549956,
  "137.0": -23.309266344741847,
  "137.2": -23.449325020132378,
  "137.4": -23.444766345764624,
  "137.6": -23.579470299844665,
  "137.8": -23.569368131505243,
  "138.0": -23.51749161702849,
  "138.2": -23.548076715953634,
  "138.4": -23.69983602547249,
  "138.6": -23.3642552094637,
  "138.8": -23.291025423914963,
  "139.0": -21.90530091552768,
  "139.2": -23.93255192062024,
  "139.4": -24.102312195313978,
  "139.6": -24.11212975118666,
  "139.8": -23.981610903496957,
  "140.0": -24.082186657710352,
  "140.2": -24.006122144362084,
  "140.4": -24.311557617581382,
  "140.6": -24.300447983393326,
  "140.8": -24.18833934426784,
  "141.0": -24.24807123424431,
  "141.2": -24.230545511038205,
  "141.4": -24.346970883275002,
  "141.6": -24.157688047167287,
  "141.8": -24.20394020660694,
  "142.0": -24.046518720556925,
  "142.2": -24.369822896061613,
  "142.4": -24.362756342801255,
  "142.6": -24.455800271403405,
  "142.8": -24.445067468931203,
  "143.0": -24.138516706537892,
  "143.2": -24.387364544447884,
  "143.4": -22.52204230100963,
  "143.6": -22.20108362107128,
  "143.8": -21.68470343328867,
  "144.0": -21.626268586303603,
  "144.2": -21.67460585203608,
  "144.4": -23.182784699504843,
  "144.6": -23.46493680770219,
  "144.8": -23.119510226509036,
  "145.0": -22.85516056069213,
  "145.2": -22.944947283375964,
  "145.4": -22.416910049139275,
  "145.6": -24.558766931488186,
  "145.8": -22.581470820491248,
  "146.0": -21.83978186023586,
  "146.2": -21.85110346852754,
  "146.4": -21.995401485248944,
  "146.6": -21.446525461989047,
  "146.8": -24.222142635471613,
  "147.0": -24.04694877992665,
  "147.2": -21.236207995072768,
  "147.4": -21.719868620453553,
  "147.6": -22.439762081175108,
  "147.8": -22.40033123071023,
  "148.0": -22.517374130439613,
  "148.2": -21.41078666781825,
  "148.4": -21.894904216722658,
  "148.6": -23.05637349724244,
  "148.8": -21.887804088099067,
  "149.0": -22.238114105182575,
  "149.2": -23.96489660880178,
  "149.4": -23.89498964347165,
  "149.6": -23.74494646046749,
  "149.8": -23.248348337558348,
  "150.0": -23.273431597050312,
  "150.2": -23.396252802594812,
  "150.4": -23.478585247133555,
  "150.6": -23.553913441556382,
  "150.8": -23.54604018711411,
  "151.0": -23.119830029457397,
  "151.2": -23.79899346775394,
  "151.4": -23.487962606328473,
  "151.6": -23.75838705392264,
  "151.8": -23.85955686331229,
  "152.0": -23.74724896253197,
  "152.2": -23.73759609284436,
  "152.4": -23.772319229587197,
  "152.6": -23.830082783763572,
  "152.8": -23.570169857393676,
  "153.0": -23.823933421795694,
  "153.2": -23.827199140041643,
  "153.4": -23.85746654821499,
  "153.6": -23.91599639158569,
  "153.8": -23.91235866531083,
  "154.0": -23.878983689980025,
  "154.2": -23.698496984820345,
  "154.4": -23.94354391974266,
  "154.6": -23.961401909676074,
  "154.8": -23.877825701619393,
  "155.0": -23.859760100754393,
  "155.2": -23.883703469728495,
  "155.4": -23.893047049204505,
  "155.6": -23.67907222604336,
  "155.8": -23.872193998396906,
  "156.0": -23.913304572510462,
  "156.2": -23.911010162923887,
  "156.4": -23.957553583631352,
  "156.6": -23.94517302882865,
  "156.8": -23.958238089801448,
  "157.0": -23.751284665227807,
  "157.2": -24.011005825938113,
  "157.4": -23.96771512832297,
  "157.6": -23.95228649669695,
  "157.8": -23.84576886468278,
  "158.0": -23.95991178143901,
  "158.2": -23.926542271249684,
  "158.4": -23.515825204398226,
  "158.6": -22.687680183653924,
  "158.8": -22.741514092958717,
  "159.0": -23.3452257430466,
  "159.2": -22.688347084521713,